Date;sunrise;sundown
1-1-2021;08:47:00;16:37:00
2-1-2021;08:47:00;16:38:00
3-1-2021;08:46:00;16:39:00
4-1-2021;08:46:00;16:41:00
5-1-2021;08:46:00;16:42:00
6-1-2021;08:46:00;16:43:00
7-1-2021;08:45:00;16:44:00
8-1-2021;08:45:00;16:46:00
9-1-2021;08:44:00;16:47:00
10-1-2021;08:43:00;16:48:00
11-1-2021;08:43:00;16:50:00
12-1-2021;08:42:00;16:51:00
13-1-2021;08:41:00;16:53:00
14-1-2021;08:41:00;16:54:00
15-1-2021;08:40:00;16:56:00
16-1-2021;08:39:00;16:58:00
17-1-2021;08:38:00;16:59:00
18-1-2021;08:37:00;17:01:00
19-1-2021;08:36:00;17:03:00
20-1-2021;08:35:00;17:04:00
21-1-2021;08:34:00;17:06:00
22-1-2021;08:33:00;17:08:00
23-1-2021;08:31:00;17:09:00
24-1-2021;08:30:00;17:11:00
25-1-2021;08:29:00;17:13:00
26-1-2021;08:27:00;17:15:00
27-1-2021;08:26:00;17:17:00
28-1-2021;08:25:00;17:18:00
29-1-2021;08:23:00;17:20:00
30-1-2021;08:22:00;17:22:00
31-1-2021;08:20:00;17:24:00
1-2-2021;08:19:00;17:26:00
2-2-2021;08:17:00;17:28:00
3-2-2021;08:15:00;17:29:00
4-2-2021;08:14:00;17:31:00
5-2-2021;08:12:00;17:33:00
6-2-2021;08:10:00;17:35:00
7-2-2021;08:09:00;17:37:00
8-2-2021;08:07:00;17:39:00
9-2-2021;08:05:00;17:41:00
10-2-2021;08:03:00;17:43:00
11-2-2021;08:02:00;17:44:00
12-2-2021;08:00:00;17:46:00
13-2-2021;07:58:00;17:48:00
14-2-2021;07:56:00;17:50:00
15-2-2021;07:54:00;17:52:00
16-2-2021;07:52:00;17:54:00
17-2-2021;07:50:00;17:56:00
18-2-2021;07:48:00;17:58:00
19-2-2021;07:46:00;17:59:00
20-2-2021;07:44:00;18:01:00
21-2-2021;07:42:00;18:03:00
22-2-2021;07:40:00;18:05:00
23-2-2021;07:38:00;18:07:00
24-2-2021;07:35:00;18:09:00
25-2-2021;07:33:00;18:10:00
26-2-2021;07:31:00;18:12:00
27-2-2021;07:29:00;18:14:00
28-2-2021;07:27:00;18:16:00
1-3-2021;07:25:00;18:18:00
2-3-2021;07:22:00;18:19:00
3-3-2021;07:20:00;18:21:00
4-3-2021;07:18:00;18:23:00
5-3-2021;07:16:00;18:25:00
6-3-2021;07:14:00;18:27:00
7-3-2021;07:11:00;18:28:00
8-3-2021;07:09:00;18:30:00
9-3-2021;07:07:00;18:32:00
10-3-2021;07:04:00;18:34:00
11-3-2021;07:02:00;18:35:00
12-3-2021;07:00:00;18:37:00
13-3-2021;06:58:00;18:39:00
14-3-2021;06:55:00;18:41:00
15-3-2021;06:53:00;18:42:00
16-3-2021;06:51:00;18:44:00
17-3-2021;06:48:00;18:46:00
18-3-2021;06:46:00;18:48:00
19-3-2021;06:44:00;18:49:00
20-3-2021;06:41:00;18:51:00
21-3-2021;06:39:00;18:53:00
22-3-2021;06:37:00;18:54:00
23-3-2021;06:34:00;18:56:00
24-3-2021;06:32:00;18:58:00
25-3-2021;06:30:00;19:00:00
26-3-2021;06:27:00;19:01:00
27-3-2021;06:25:00;19:03:00
28-3-2021;07:23:00;20:05:00
29-3-2021;07:20:00;20:06:00
30-3-2021;07:18:00;20:08:00
31-3-2021;07:16:00;20:10:00
1-4-2021;07:13:00;20:11:00
2-4-2021;07:11:00;20:13:00
3-4-2021;07:09:00;20:15:00
4-4-2021;07:06:00;20:17:00
5-4-2021;07:04:00;20:18:00
6-4-2021;07:02:00;20:20:00
7-4-2021;06:59:00;20:22:00
8-4-2021;06:57:00;20:23:00
9-4-2021;06:55:00;20:25:00
10-4-2021;06:53:00;20:27:00
11-4-2021;06:50:00;20:28:00
12-4-2021;06:48:00;20:30:00
13-4-2021;06:46:00;20:32:00
14-4-2021;06:44:00;20:34:00
15-4-2021;06:42:00;20:35:00
16-4-2021;06:39:00;20:37:00
17-4-2021;06:37:00;20:39:00
18-4-2021;06:35:00;20:40:00
19-4-2021;06:33:00;20:42:00
20-4-2021;06:31:00;20:44:00
21-4-2021;06:29:00;20:46:00
22-4-2021;06:27:00;20:47:00
23-4-2021;06:25:00;20:49:00
24-4-2021;06:22:00;20:51:00
25-4-2021;06:20:00;20:52:00
26-4-2021;06:18:00;20:54:00
27-4-2021;06:16:00;20:56:00
28-4-2021;06:14:00;20:58:00
29-4-2021;06:12:00;20:59:00
30-4-2021;06:11:00;21:01:00
1-5-2021;06:09:00;21:03:00
2-5-2021;06:07:00;21:04:00
3-5-2021;06:05:00;21:06:00
4-5-2021;06:03:00;21:08:00
5-5-2021;06:01:00;21:09:00
6-5-2021;05:59:00;21:11:00
7-5-2021;05:58:00;21:13:00
8-5-2021;05:56:00;21:14:00
9-5-2021;05:54:00;21:16:00
10-5-2021;05:53:00;21:18:00
11-5-2021;05:51:00;21:19:00
12-5-2021;05:49:00;21:21:00
13-5-2021;05:48:00;21:22:00
14-5-2021;05:46:00;21:24:00
15-5-2021;05:45:00;21:26:00
16-5-2021;05:43:00;21:27:00
17-5-2021;05:42:00;21:29:00
18-5-2021;05:40:00;21:30:00
19-5-2021;05:39:00;21:32:00
20-5-2021;05:38:00;21:33:00
21-5-2021;05:36:00;21:35:00
22-5-2021;05:35:00;21:36:00
23-5-2021;05:34:00;21:37:00
24-5-2021;05:33:00;21:39:00
25-5-2021;05:31:00;21:40:00
26-5-2021;05:30:00;21:41:00
27-5-2021;05:29:00;21:43:00
28-5-2021;05:28:00;21:44:00
29-5-2021;05:27:00;21:45:00
30-5-2021;05:26:00;21:46:00
31-5-2021;05:25:00;21:48:00
1-6-2021;05:25:00;21:49:00
2-6-2021;05:24:00;21:50:00
3-6-2021;05:23:00;21:51:00
4-6-2021;05:22:00;21:52:00
5-6-2021;05:22:00;21:53:00
6-6-2021;05:21:00;21:54:00
7-6-2021;05:21:00;21:55:00
8-6-2021;05:20:00;21:56:00
9-6-2021;05:20:00;21:56:00
10-6-2021;05:19:00;21:57:00
11-6-2021;05:19:00;21:58:00
12-6-2021;05:19:00;21:59:00
13-6-2021;05:18:00;21:59:00
14-6-2021;05:18:00;22:00:00
15-6-2021;05:18:00;22:00:00
16-6-2021;05:18:00;22:01:00
17-6-2021;05:18:00;22:01:00
18-6-2021;05:18:00;22:02:00
19-6-2021;05:18:00;22:02:00
20-6-2021;05:18:00;22:02:00
21-6-2021;05:18:00;22:03:00
22-6-2021;05:18:00;22:03:00
23-6-2021;05:19:00;22:03:00
24-6-2021;05:19:00;22:03:00
25-6-2021;05:19:00;22:03:00
26-6-2021;05:20:00;22:03:00
27-6-2021;05:20:00;22:03:00
28-6-2021;05:21:00;22:03:00
29-6-2021;05:21:00;22:02:00
30-6-2021;05:22:00;22:02:00
1-7-2021;05:23:00;22:02:00
2-7-2021;05:23:00;22:02:00
3-7-2021;05:24:00;22:01:00
4-7-2021;05:25:00;22:01:00
5-7-2021;05:26:00;22:00:00
6-7-2021;05:27:00;22:00:00
7-7-2021;05:28:00;21:59:00
8-7-2021;05:29:00;21:58:00
9-7-2021;05:30:00;21:58:00
10-7-2021;05:31:00;21:57:00
11-7-2021;05:32:00;21:56:00
12-7-2021;05:33:00;21:55:00
13-7-2021;05:34:00;21:54:00
14-7-2021;05:35:00;21:53:00
15-7-2021;05:36:00;21:52:00
16-7-2021;05:38:00;21:51:00
17-7-2021;05:39:00;21:50:00
18-7-2021;05:40:00;21:49:00
19-7-2021;05:41:00;21:48:00
20-7-2021;05:43:00;21:47:00
21-7-2021;05:44:00;21:46:00
22-7-2021;05:45:00;21:44:00
23-7-2021;05:47:00;21:43:00
24-7-2021;05:48:00;21:42:00
25-7-2021;05:50:00;21:40:00
26-7-2021;05:51:00;21:39:00
27-7-2021;05:53:00;21:37:00
28-7-2021;05:54:00;21:36:00
29-7-2021;05:56:00;21:34:00
30-7-2021;05:57:00;21:33:00
31-7-2021;05:59:00;21:31:00
1-8-2021;06:00:00;21:30:00
2-8-2021;06:02:00;21:28:00
3-8-2021;06:03:00;21:26:00
4-8-2021;06:05:00;21:24:00
5-8-2021;06:07:00;21:23:00
6-8-2021;06:08:00;21:21:00
7-8-2021;06:10:00;21:19:00
8-8-2021;06:11:00;21:17:00
9-8-2021;06:13:00;21:15:00
10-8-2021;06:15:00;21:14:00
11-8-2021;06:16:00;21:12:00
12-8-2021;06:18:00;21:10:00
13-8-2021;06:19:00;21:08:00
14-8-2021;06:21:00;21:06:00
15-8-2021;06:23:00;21:04:00
16-8-2021;06:24:00;21:02:00
17-8-2021;06:26:00;21:00:00
18-8-2021;06:28:00;20:58:00
19-8-2021;06:29:00;20:56:00
20-8-2021;06:31:00;20:53:00
21-8-2021;06:33:00;20:51:00
22-8-2021;06:34:00;20:49:00
23-8-2021;06:36:00;20:47:00
24-8-2021;06:37:00;20:45:00
25-8-2021;06:39:00;20:43:00
26-8-2021;06:41:00;20:41:00
27-8-2021;06:42:00;20:38:00
28-8-2021;06:44:00;20:36:00
29-8-2021;06:46:00;20:34:00
30-8-2021;06:47:00;20:32:00
31-8-2021;06:49:00;20:29:00
1-9-2021;06:51:00;20:27:00
2-9-2021;06:52:00;20:25:00
3-9-2021;06:54:00;20:23:00
4-9-2021;06:55:00;20:20:00
5-9-2021;06:57:00;20:18:00
6-9-2021;06:59:00;20:16:00
7-9-2021;07:00:00;20:13:00
8-9-2021;07:02:00;20:11:00
9-9-2021;07:04:00;20:09:00
10-9-2021;07:05:00;20:06:00
11-9-2021;07:07:00;20:04:00
12-9-2021;07:08:00;20:02:00
13-9-2021;07:10:00;19:59:00
14-9-2021;07:12:00;19:57:00
15-9-2021;07:13:00;19:55:00
16-9-2021;07:15:00;19:52:00
17-9-2021;07:16:00;19:50:00
18-9-2021;07:18:00;19:48:00
19-9-2021;07:20:00;19:45:00
20-9-2021;07:21:00;19:43:00
21-9-2021;07:23:00;19:41:00
22-9-2021;07:25:00;19:38:00
23-9-2021;07:26:00;19:36:00
24-9-2021;07:28:00;19:33:00
25-9-2021;07:30:00;19:31:00
26-9-2021;07:31:00;19:29:00
27-9-2021;07:33:00;19:26:00
28-9-2021;07:34:00;19:24:00
29-9-2021;07:36:00;19:22:00
30-9-2021;07:38:00;19:19:00
1-10-2021;07:39:00;19:17:00
2-10-2021;07:41:00;19:15:00
3-10-2021;07:43:00;19:12:00
4-10-2021;07:44:00;19:10:00
5-10-2021;07:46:00;19:08:00
6-10-2021;07:48:00;19:06:00
7-10-2021;07:49:00;19:03:00
8-10-2021;07:51:00;19:01:00
9-10-2021;07:53:00;18:59:00
10-10-2021;07:55:00;18:56:00
11-10-2021;07:56:00;18:54:00
12-10-2021;07:58:00;18:52:00
13-10-2021;08:00:00;18:50:00
14-10-2021;08:01:00;18:48:00
15-10-2021;08:03:00;18:45:00
16-10-2021;08:05:00;18:43:00
17-10-2021;08:07:00;18:41:00
18-10-2021;08:08:00;18:39:00
19-10-2021;08:10:00;18:37:00
20-10-2021;08:12:00;18:35:00
21-10-2021;08:14:00;18:33:00
22-10-2021;08:15:00;18:30:00
23-10-2021;08:17:00;18:28:00
24-10-2021;08:19:00;18:26:00
25-10-2021;08:21:00;18:24:00
26-10-2021;08:23:00;18:22:00
27-10-2021;08:24:00;18:20:00
28-10-2021;08:26:00;18:18:00
29-10-2021;08:28:00;18:17:00
30-10-2021;08:30:00;18:15:00
31-10-2021;07:32:00;17:13:00
1-11-2021;07:33:00;17:11:00
2-11-2021;07:35:00;17:09:00
3-11-2021;07:37:00;17:07:00
4-11-2021;07:39:00;17:05:00
5-11-2021;07:41:00;17:04:00
6-11-2021;07:43:00;17:02:00
7-11-2021;07:44:00;17:00:00
8-11-2021;07:46:00;16:59:00
9-11-2021;07:48:00;16:57:00
10-11-2021;07:50:00;16:55:00
11-11-2021;07:52:00;16:54:00
12-11-2021;07:53:00;16:52:00
13-11-2021;07:55:00;16:51:00
14-11-2021;07:57:00;16:49:00
15-11-2021;07:59:00;16:48:00
16-11-2021;08:00:00;16:47:00
17-11-2021;08:02:00;16:45:00
18-11-2021;08:04:00;16:44:00
19-11-2021;08:06:00;16:43:00
20-11-2021;08:07:00;16:42:00
21-11-2021;08:09:00;16:40:00
22-11-2021;08:11:00;16:39:00
23-11-2021;08:12:00;16:38:00
24-11-2021;08:14:00;16:37:00
25-11-2021;08:16:00;16:36:00
26-11-2021;08:17:00;16:35:00
27-11-2021;08:19:00;16:34:00
28-11-2021;08:20:00;16:33:00
29-11-2021;08:22:00;16:33:00
30-11-2021;08:23:00;16:32:00
1-12-2021;08:25:00;16:31:00
2-12-2021;08:26:00;16:31:00
3-12-2021;08:27:00;16:30:00
4-12-2021;08:29:00;16:29:00
5-12-2021;08:30:00;16:29:00
6-12-2021;08:31:00;16:28:00
7-12-2021;08:32:00;16:28:00
8-12-2021;08:34:00;16:28:00
9-12-2021;08:35:00;16:28:00
10-12-2021;08:36:00;16:27:00
11-12-2021;08:37:00;16:27:00
12-12-2021;08:38:00;16:27:00
13-12-2021;08:39:00;16:27:00
14-12-2021;08:40:00;16:27:00
15-12-2021;08:41:00;16:27:00
16-12-2021;08:41:00;16:27:00
17-12-2021;08:42:00;16:27:00
18-12-2021;08:43:00;16:28:00
19-12-2021;08:44:00;16:28:00
20-12-2021;08:44:00;16:28:00
21-12-2021;08:45:00;16:29:00
22-12-2021;08:45:00;16:29:00
23-12-2021;08:46:00;16:30:00
24-12-2021;08:46:00;16:30:00
25-12-2021;08:46:00;16:31:00
26-12-2021;08:47:00;16:32:00
27-12-2021;08:47:00;16:32:00
28-12-2021;08:47:00;16:33:00
29-12-2021;08:47:00;16:34:00
30-12-2021;08:47:00;16:35:00
31-12-2021;08:47:00;16:36:00
